order_id,order_date,week_key,week_index,region,customer,status,promised_date,actual_ship_date,net_total,is_delivered,is_on_time,lead_days
SO-000462,2026-04-06,2026-W15,202615,Marmara,Musteri-16,delivered,2026-04-12,2026-04-11,2150.15,1,1,5
SO-000463,2026-04-06,2026-W15,202615,Marmara,Musteri-18,delivered,2026-04-10,2026-04-10,2170.03,1,1,4
SO-000464,2026-04-06,2026-W15,202615,Akdeniz,Musteri-14,delivered,2026-04-09,2026-04-09,5378.45,1,1,3
SO-000465,2026-04-06,2026-W15,202615,Akdeniz,Musteri-16,delivered,2026-04-14,2026-04-14,3539.34,1,1,8
SO-000466,2026-04-07,2026-W15,202615,Marmara,Musteri-01,delivered,2026-04-12,2026-04-11,657.5,1,1,4
SO-000467,2026-04-07,2026-W15,202615,Marmara,Musteri-10,delivered,2026-04-16,2026-04-16,3999.4,1,1,9
SO-000468,2026-04-07,2026-W15,202615,Ic Anadolu,Musteri-19,delivered,2026-04-09,2026-04-08,3075.51,1,1,1
SO-000469,2026-04-07,2026-W15,202615,Ic Anadolu,Musteri-14,delivered,2026-04-16,2026-04-18,1196.92,1,0,11
SO-000470,2026-04-07,2026-W15,202615,Karadeniz,Musteri-08,delivered,2026-04-14,2026-04-14,1049.59,1,1,7
SO-000471,2026-04-07,2026-W15,202615,Akdeniz,Musteri-12,delivered,2026-04-16,2026-04-16,5405.39,1,1,9
SO-000472,2026-04-08,2026-W15,202615,Marmara,Musteri-11,delivered,2026-04-16,2026-04-16,2921.36,1,1,8
SO-000473,2026-04-08,2026-W15,202615,Ege,Musteri-14,delivered,2026-04-10,2026-04-10,1870.68,1,1,2
SO-000474,2026-04-08,2026-W15,202615,Ic Anadolu,Musteri-12,delivered,2026-04-13,2026-04-12,5547.66,1,1,4
SO-000475,2026-04-08,2026-W15,202615,Karadeniz,Musteri-17,delivered,2026-04-13,2026-04-13,2198.45,1,1,5
SO-000476,2026-04-08,2026-W15,202615,Karadeniz,Musteri-05,delivered,2026-04-17,2026-04-17,3512.49,1,1,9
SO-000477,2026-04-08,2026-W15,202615,Karadeniz,Musteri-19,delivered,2026-04-15,2026-04-15,2132.84,1,1,7
SO-000478,2026-04-08,2026-W15,202615,Karadeniz,Musteri-01,delivered,2026-04-11,2026-04-11,4914.3,1,1,3
SO-000479,2026-04-09,2026-W15,202615,Marmara,Musteri-08,delivered,2026-04-11,2026-04-11,2473.81,1,1,2
SO-000480,2026-04-09,2026-W15,202615,Ege,Musteri-16,delivered,2026-04-13,2026-04-12,2414.75,1,1,3
SO-000481,2026-04-09,2026-W15,202615,Ic Anadolu,Musteri-16,delivered,2026-04-12,2026-04-12,1294.3,1,1,3
SO-000482,2026-04-09,2026-W15,202615,Akdeniz,Musteri-04,delivered,2026-04-16,2026-04-16,1534.08,1,1,7
SO-000483,2026-04-10,2026-W15,202615,Marmara,Musteri-03,delivered,2026-04-16,2026-04-16,545.91,1,1,6
SO-000484,2026-04-10,2026-W15,202615,Ege,Musteri-13,delivered,2026-04-14,2026-04-14,893.31,1,1,4
SO-000485,2026-04-10,2026-W15,202615,Ege,Musteri-07,delivered,2026-04-17,2026-04-16,5056.45,1,1,6
SO-000486,2026-04-10,2026-W15,202615,Ege,Musteri-02,delivered,2026-04-12,2026-04-12,1471.77,1,1,2
SO-000487,2026-04-10,2026-W15,202615,Ic Anadolu,Musteri-20,delivered,2026-04-19,2026-04-19,2651.9,1,1,9
SO-000488,2026-04-10,2026-W15,202615,Ic Anadolu,Musteri-18,delivered,2026-04-19,2026-04-19,523.77,1,1,9
SO-000489,2026-04-10,2026-W15,202615,Akdeniz,Musteri-19,delivered,2026-04-14,2026-04-14,4370.48,1,1,4
SO-000490,2026-04-10,2026-W15,202615,Akdeniz,Musteri-01,delivered,2026-04-18,2026-04-18,2139.74,1,1,8
SO-000491,2026-04-11,2026-W15,202615,Marmara,Musteri-09,delivered,2026-04-20,2026-04-20,1968.35,1,1,9
SO-000492,2026-04-11,2026-W15,202615,Ic Anadolu,Musteri-18,delivered,2026-04-19,2026-04-18,386.44,1,1,7
SO-000493,2026-04-13,2026-W16,202616,Ege,Musteri-20,delivered,2026-04-16,2026-04-16,1341.85,1,1,3
SO-000494,2026-04-13,2026-W16,202616,Ic Anadolu,Musteri-13,delivered,2026-04-19,2026-04-19,1249.25,1,1,6
SO-000495,2026-04-13,2026-W16,202616,Ic Anadolu,Musteri-20,delivered,2026-04-15,2026-04-15,3784.95,1,1,2
SO-000496,2026-04-13,2026-W16,202616,Karadeniz,Musteri-11,delivered,2026-04-21,2026-04-21,3230.44,1,1,8
SO-000497,2026-04-14,2026-W16,202616,Marmara,Musteri-05,delivered,2026-04-19,2026-04-19,1698.5,1,1,5
SO-000498,2026-04-14,2026-W16,202616,Marmara,Musteri-13,delivered,2026-04-18,2026-04-17,1478.27,1,1,3
SO-000499,2026-04-14,2026-W16,202616,Ic Anadolu,Musteri-15,delivered,2026-04-20,2026-04-20,4607.5,1,1,6
SO-000500,2026-04-14,2026-W16,202616,Karadeniz,Musteri-13,delivered,2026-04-21,2026-04-22,4608.34,1,0,8
SO-000501,2026-04-15,2026-W16,202616,Marmara,Musteri-06,delivered,2026-04-22,2026-04-22,1295.64,1,1,7
SO-000502,2026-04-15,2026-W16,202616,Marmara,Musteri-04,delivered,2026-04-24,2026-04-24,1178.73,1,1,9
SO-000503,2026-04-15,2026-W16,202616,Marmara,Musteri-09,delivered,2026-04-17,2026-04-16,3604.07,1,1,1
SO-000504,2026-04-15,2026-W16,202616,Karadeniz,Musteri-07,delivered,2026-04-17,2026-04-17,260.76,1,1,2
SO-000505,2026-04-15,2026-W16,202616,Akdeniz,Musteri-14,delivered,2026-04-19,2026-04-19,3661.88,1,1,4
SO-000506,2026-04-16,2026-W16,202616,Marmara,Musteri-18,delivered,2026-04-20,2026-04-19,2350.49,1,1,3
SO-000507,2026-04-16,2026-W16,202616,Ic Anadolu,Musteri-16,delivered,2026-04-25,2026-04-25,3043.61,1,1,9
SO-000508,2026-04-17,2026-W16,202616,Marmara,Musteri-15,delivered,2026-04-25,2026-04-24,3728.97,1,1,7
SO-000509,2026-04-17,2026-W16,202616,Marmara,Musteri-07,delivered,2026-04-25,2026-04-24,746.62,1,1,7
SO-000510,2026-04-17,2026-W16,202616,Marmara,Musteri-20,delivered,2026-04-22,2026-04-21,2630.62,1,1,4
SO-000511,2026-04-17,2026-W16,202616,Marmara,Musteri-11,delivered,2026-04-20,2026-04-19,3365.93,1,1,2
SO-000512,2026-04-17,2026-W16,202616,Marmara,Musteri-07,delivered,2026-04-20,2026-04-20,3900.65,1,1,3
SO-000513,2026-04-17,2026-W16,202616,Ege,Musteri-17,delivered,2026-04-24,2026-04-23,565.12,1,1,6
SO-000514,2026-04-18,2026-W16,202616,Marmara,Musteri-07,delivered,2026-04-22,2026-04-22,2076.11,1,1,4
SO-000515,2026-04-18,2026-W16,202616,Marmara,Musteri-10,delivered,2026-04-27,2026-04-26,4566.96,1,1,8
SO-000516,2026-04-18,2026-W16,202616,Ege,Musteri-12,delivered,2026-04-21,2026-04-20,2525.4,1,1,2
SO-000517,2026-04-19,2026-W16,202616,Marmara,Musteri-05,delivered,2026-04-24,2026-04-28,3003.43,1,0,9
SO-000518,2026-04-19,2026-W16,202616,Akdeniz,Musteri-03,delivered,2026-04-23,2026-04-23,2524.91,1,1,4
SO-000519,2026-04-20,2026-W17,202617,Marmara,Musteri-13,delivered,2026-04-26,2026-04-26,881.03,1,1,6
SO-000520,2026-04-20,2026-W17,202617,Marmara,Musteri-12,delivered,2026-04-23,2026-04-22,589.25,1,1,2
SO-000521,2026-04-20,2026-W17,202617,Ege,Musteri-13,delivered,2026-04-26,2026-04-26,5050.1,1,1,6
SO-000522,2026-04-20,2026-W17,202617,Ege,Musteri-08,delivered,2026-04-25,2026-04-25,848.82,1,1,5
SO-000523,2026-04-20,2026-W17,202617,Akdeniz,Musteri-15,delivered,2026-04-22,2026-04-21,2232.64,1,1,1
SO-000524,2026-04-20,2026-W17,202617,Akdeniz,Musteri-14,delivered,2026-04-27,2026-04-27,3838.64,1,1,7
SO-000525,2026-04-20,2026-W17,202617,Akdeniz,Musteri-16,delivered,2026-04-25,2026-04-24,4247.49,1,1,4
SO-000526,2026-04-21,2026-W17,202617,Marmara,Musteri-03,delivered,2026-04-28,2026-04-28,1821.59,1,1,7
SO-000527,2026-04-21,2026-W17,202617,Ege,Musteri-15,delivered,2026-04-25,2026-04-24,2593.45,1,1,3
SO-000528,2026-04-21,2026-W17,202617,Ege,Musteri-15,delivered,2026-04-24,2026-04-24,2304.63,1,1,3
SO-000529,2026-04-21,2026-W17,202617,Ege,Musteri-17,delivered,2026-04-23,2026-04-23,2454.16,1,1,2
SO-000530,2026-04-21,2026-W17,202617,Ic Anadolu,Musteri-05,delivered,2026-04-24,2026-04-24,4083.47,1,1,3
SO-000531,2026-04-21,2026-W17,202617,Ic Anadolu,Musteri-06,delivered,2026-04-30,2026-05-03,2369.92,1,0,12
SO-000532,2026-04-21,2026-W17,202617,Akdeniz,Musteri-03,delivered,2026-04-27,2026-04-27,3735.22,1,1,6
SO-000533,2026-04-22,2026-W17,202617,Marmara,Musteri-03,delivered,2026-04-24,2026-04-26,5775.75,1,0,4
SO-000534,2026-04-22,2026-W17,202617,Marmara,Musteri-03,delivered,2026-04-25,2026-04-25,1044.81,1,1,3
SO-000535,2026-04-22,2026-W17,202617,Marmara,Musteri-12,delivered,2026-04-30,2026-04-29,518.9,1,1,7
SO-000536,2026-04-22,2026-W17,202617,Ege,Musteri-03,delivered,2026-04-24,2026-04-23,758.08,1,1,1
SO-000537,2026-04-22,2026-W17,202617,Ege,Musteri-11,delivered,2026-04-25,2026-04-25,2839.51,1,1,3
SO-000538,2026-04-22,2026-W17,202617,Ic Anadolu,Musteri-19,delivered,2026-04-27,2026-04-27,2171.68,1,1,5
SO-000539,2026-04-22,2026-W17,202617,Ic Anadolu,Musteri-13,delivered,2026-04-29,2026-04-28,4483.73,1,1,6
SO-000540,2026-04-22,2026-W17,202617,Karadeniz,Musteri-01,delivered,2026-04-24,2026-04-23,323.85,1,1,1
SO-000541,2026-04-22,2026-W17,202617,Akdeniz,Musteri-15,delivered,2026-04-29,2026-05-03,4083.95,1,0,11
SO-000542,2026-04-23,2026-W17,202617,Marmara,Musteri-18,delivered,2026-05-02,2026-05-02,3484.48,1,1,9
SO-000543,2026-04-23,2026-W17,202617,Marmara,Musteri-01,delivered,2026-04-30,2026-04-30,2075.7,1,1,7
SO-000544,2026-04-23,2026-W17,202617,Marmara,Musteri-17,delivered,2026-04-26,2026-04-25,153.0,1,1,2
SO-000545,2026-04-23,2026-W17,202617,Ege,Musteri-11,delivered,2026-05-01,2026-05-01,561.98,1,1,8
SO-000546,2026-04-24,2026-W17,202617,Marmara,Musteri-18,delivered,2026-04-30,2026-04-30,496.28,1,1,6
SO-000547,2026-04-24,2026-W17,202617,Marmara,Musteri-13,delivered,2026-04-29,2026-04-29,5241.67,1,1,5
SO-000548,2026-04-24,2026-W17,202617,Marmara,Musteri-14,delivered,2026-05-02,2026-05-02,1214.43,1,1,8
SO-000549,2026-04-24,2026-W17,202617,Ege,Musteri-14,delivered,2026-05-03,2026-05-03,128.87,1,1,9
SO-000550,2026-04-24,2026-W17,202617,Akdeniz,Musteri-02,delivered,2026-05-02,2026-05-01,2851.85,1,1,7
SO-000551,2026-04-25,2026-W17,202617,Marmara,Musteri-16,delivered,2026-04-28,2026-04-27,1179.9,1,1,2
SO-000552,2026-04-25,2026-W17,202617,Ege,Musteri-17,delivered,2026-05-02,2026-05-01,1015.42,1,1,6
SO-000553,2026-04-26,2026-W17,202617,Marmara,Musteri-13,delivered,2026-04-30,2026-04-29,4667.58,1,1,3
SO-000554,2026-04-26,2026-W17,202617,Ege,Musteri-03,delivered,2026-05-04,2026-05-04,3263.74,1,1,8
SO-000555,2026-04-26,2026-W17,202617,Ege,Musteri-01,delivered,2026-05-03,2026-05-02,1402.59,1,1,6
SO-000556,2026-04-27,2026-W18,202618,Marmara,Musteri-07,delivered,2026-04-29,2026-04-28,1474.87,1,1,1
SO-000557,2026-04-28,2026-W18,202618,Marmara,Musteri-15,delivered,2026-05-07,2026-05-07,2358.99,1,1,9
SO-000558,2026-04-28,2026-W18,202618,Ege,Musteri-15,delivered,2026-05-07,2026-05-06,2809.74,1,1,8
SO-000559,2026-04-28,2026-W18,202618,Ege,Musteri-18,delivered,2026-05-01,2026-04-30,2008.51,1,1,2
SO-000560,2026-04-28,2026-W18,202618,Ege,Musteri-03,delivered,2026-05-04,2026-05-04,327.39,1,1,6
SO-000561,2026-04-28,2026-W18,202618,Ic Anadolu,Musteri-17,delivered,2026-04-30,2026-04-29,4980.4,1,1,1
SO-000562,2026-04-28,2026-W18,202618,Ic Anadolu,Musteri-15,delivered,2026-05-07,2026-05-10,4240.01,1,0,12
SO-000563,2026-04-28,2026-W18,202618,Karadeniz,Musteri-03,delivered,2026-05-03,2026-05-02,6059.65,1,1,4
SO-000564,2026-04-28,2026-W18,202618,Akdeniz,Musteri-09,delivered,2026-05-03,2026-05-03,701.72,1,1,5
SO-000565,2026-04-28,2026-W18,202618,Akdeniz,Musteri-07,delivered,2026-04-30,2026-04-30,907.51,1,1,2
SO-000566,2026-04-29,2026-W18,202618,Marmara,Musteri-16,delivered,2026-05-07,2026-05-06,2800.53,1,1,7
SO-000567,2026-04-29,2026-W18,202618,Marmara,Musteri-04,delivered,2026-05-08,2026-05-12,5227.58,1,0,13
SO-000568,2026-04-29,2026-W18,202618,Ege,Musteri-10,delivered,2026-05-08,2026-05-08,1451.36,1,1,9
SO-000569,2026-04-29,2026-W18,202618,Ege,Musteri-14,delivered,2026-05-04,2026-05-04,3044.6,1,1,5
SO-000570,2026-04-29,2026-W18,202618,Ege,Musteri-02,delivered,2026-05-03,2026-05-03,6690.12,1,1,4
SO-000571,2026-04-29,2026-W18,202618,Ic Anadolu,Musteri-18,delivered,2026-05-04,2026-05-03,2187.23,1,1,4
SO-000572,2026-04-30,2026-W18,202618,Marmara,Musteri-20,delivered,2026-05-09,2026-05-09,2332.6,1,1,9
SO-000573,2026-04-30,2026-W18,202618,Ic Anadolu,Musteri-09,delivered,2026-05-03,2026-05-02,382.53,1,1,2
SO-000574,2026-04-30,2026-W18,202618,Ic Anadolu,Musteri-13,delivered,2026-05-06,2026-05-06,4069.1,1,1,6
SO-000575,2026-04-30,2026-W18,202618,Karadeniz,Musteri-02,delivered,2026-05-05,2026-05-05,363.76,1,1,5
SO-000576,2026-04-30,2026-W18,202618,Akdeniz,Musteri-09,delivered,2026-05-07,2026-05-06,1382.68,1,1,6
SO-000577,2026-04-30,2026-W18,202618,Akdeniz,Musteri-01,delivered,2026-05-09,2026-05-08,1055.53,1,1,8
SO-000578,2026-05-01,2026-W18,202618,Marmara,Musteri-10,delivered,2026-05-08,2026-05-08,5389.28,1,1,7
SO-000579,2026-05-01,2026-W18,202618,Marmara,Musteri-08,delivered,2026-05-03,2026-05-03,1956.91,1,1,2
SO-000580,2026-05-01,2026-W18,202618,Ic Anadolu,Musteri-12,delivered,2026-05-05,2026-05-05,4459.06,1,1,4
SO-000581,2026-05-01,2026-W18,202618,Karadeniz,Musteri-13,delivered,2026-05-04,2026-05-04,1864.05,1,1,3
SO-000582,2026-05-01,2026-W18,202618,Karadeniz,Musteri-05,delivered,2026-05-10,2026-05-09,1113.96,1,1,8
SO-000583,2026-05-01,2026-W18,202618,Karadeniz,Musteri-18,delivered,2026-05-04,2026-05-04,1434.6,1,1,3
SO-000584,2026-05-02,2026-W18,202618,Ic Anadolu,Musteri-05,delivered,2026-05-05,2026-05-09,5021.22,1,0,7
SO-000585,2026-05-02,2026-W18,202618,Karadeniz,Musteri-12,delivered,2026-05-09,2026-05-08,5225.45,1,1,6
SO-000586,2026-05-02,2026-W18,202618,Akdeniz,Musteri-16,delivered,2026-05-10,2026-05-10,2621.58,1,1,8
SO-000587,2026-05-02,2026-W18,202618,Akdeniz,Musteri-06,delivered,2026-05-10,2026-05-09,3981.67,1,1,7
SO-000588,2026-05-03,2026-W18,202618,Ic Anadolu,Musteri-16,delivered,2026-05-09,2026-05-08,5124.54,1,1,5
SO-000589,2026-05-04,2026-W19,202619,Marmara,Musteri-11,delivered,2026-05-08,2026-05-08,2381.28,1,1,4
SO-000590,2026-05-04,2026-W19,202619,Marmara,Musteri-14,delivered,2026-05-13,2026-05-13,6228.16,1,1,9
SO-000591,2026-05-04,2026-W19,202619,Marmara,Musteri-09,delivered,2026-05-06,2026-05-05,1213.4,1,1,1
SO-000592,2026-05-04,2026-W19,202619,Marmara,Musteri-06,delivered,2026-05-06,2026-05-07,729.05,1,0,3
SO-000593,2026-05-04,2026-W19,202619,Ege,Musteri-07,delivered,2026-05-09,2026-05-09,2031.18,1,1,5
SO-000594,2026-05-04,2026-W19,202619,Ege,Musteri-15,delivered,2026-05-07,2026-05-06,6598.3,1,1,2
SO-000595,2026-05-04,2026-W19,202619,Ic Anadolu,Musteri-11,delivered,2026-05-08,2026-05-10,3070.04,1,0,6
SO-000596,2026-05-04,2026-W19,202619,Ic Anadolu,Musteri-11,delivered,2026-05-06,2026-05-05,2763.57,1,1,1
SO-000597,2026-05-04,2026-W19,202619,Ic Anadolu,Musteri-14,delivered,2026-05-11,2026-05-11,2200.14,1,1,7
SO-000598,2026-05-04,2026-W19,202619,Karadeniz,Musteri-02,delivered,2026-05-11,2026-05-10,6420.72,1,1,6
SO-000599,2026-05-05,2026-W19,202619,Ege,Musteri-19,delivered,2026-05-10,2026-05-09,2503.47,1,1,4
SO-000600,2026-05-05,2026-W19,202619,Ic Anadolu,Musteri-20,delivered,2026-05-08,2026-05-08,2494.16,1,1,3
SO-000601,2026-05-05,2026-W19,202619,Ic Anadolu,Musteri-19,delivered,2026-05-11,2026-05-10,4807.07,1,1,5
SO-000602,2026-05-05,2026-W19,202619,Karadeniz,Musteri-02,delivered,2026-05-14,2026-05-14,1064.52,1,1,9
SO-000603,2026-05-06,2026-W19,202619,Marmara,Musteri-05,delivered,2026-05-12,2026-05-11,4756.75,1,1,5
SO-000604,2026-05-06,2026-W19,202619,Ege,Musteri-15,delivered,2026-05-11,2026-05-10,5267.61,1,1,4
SO-000605,2026-05-06,2026-W19,202619,Ege,Musteri-15,delivered,2026-05-10,2026-05-10,148.88,1,1,4
SO-000606,2026-05-06,2026-W19,202619,Akdeniz,Musteri-04,delivered,2026-05-10,2026-05-10,2710.18,1,1,4
SO-000607,2026-05-07,2026-W19,202619,Ege,Musteri-01,delivered,2026-05-09,2026-05-09,3004.06,1,1,2
SO-000608,2026-05-07,2026-W19,202619,Ege,Musteri-11,delivered,2026-05-14,2026-05-15,3786.14,1,0,8
SO-000609,2026-05-07,2026-W19,202619,Ege,Musteri-12,delivered,2026-05-11,2026-05-10,4477.79,1,1,3
SO-000610,2026-05-07,2026-W19,202619,Ic Anadolu,Musteri-14,delivered,2026-05-10,2026-05-10,2991.83,1,1,3
SO-000611,2026-05-07,2026-W19,202619,Ic Anadolu,Musteri-03,delivered,2026-05-10,2026-05-10,1682.47,1,1,3
SO-000612,2026-05-08,2026-W19,202619,Marmara,Musteri-13,delivered,2026-05-13,2026-05-12,5471.46,1,1,4
SO-000613,2026-05-08,2026-W19,202619,Ic Anadolu,Musteri-05,delivered,2026-05-14,2026-05-13,800.72,1,1,5
SO-000614,2026-05-08,2026-W19,202619,Karadeniz,Musteri-02,delivered,2026-05-10,2026-05-10,1654.1,1,1,2
SO-000615,2026-05-08,2026-W19,202619,Karadeniz,Musteri-03,delivered,2026-05-12,2026-05-12,4729.09,1,1,4
SO-000616,2026-05-09,2026-W19,202619,Marmara,Musteri-14,delivered,2026-05-16,2026-05-16,4648.78,1,1,7
SO-000617,2026-05-09,2026-W19,202619,Marmara,Musteri-16,delivered,2026-05-13,2026-05-16,2963.56,1,0,7
SO-000618,2026-05-09,2026-W19,202619,Karadeniz,Musteri-14,delivered,2026-05-16,2026-05-15,2532.76,1,1,6
SO-000619,2026-05-10,2026-W19,202619,Ege,Musteri-02,delivered,2026-05-13,2026-05-12,161.92,1,1,2
SO-000620,2026-05-11,2026-W20,202620,Marmara,Musteri-07,delivered,2026-05-20,2026-05-20,4486.51,1,1,9
SO-000621,2026-05-11,2026-W20,202620,Marmara,Musteri-15,delivered,2026-05-16,2026-05-15,3145.06,1,1,4
SO-000622,2026-05-11,2026-W20,202620,Marmara,Musteri-03,delivered,2026-05-16,2026-05-16,485.77,1,1,5
SO-000623,2026-05-11,2026-W20,202620,Ege,Musteri-07,delivered,2026-05-14,2026-05-14,4259.3,1,1,3
SO-000624,2026-05-11,2026-W20,202620,Ege,Musteri-16,delivered,2026-05-14,2026-05-13,806.56,1,1,2
SO-000625,2026-05-11,2026-W20,202620,Ic Anadolu,Musteri-04,delivered,2026-05-17,2026-05-17,65.47,1,1,6
SO-000626,2026-05-11,2026-W20,202620,Ic Anadolu,Musteri-07,delivered,2026-05-14,2026-05-14,2217.99,1,1,3
SO-000627,2026-05-11,2026-W20,202620,Karadeniz,Musteri-15,delivered,2026-05-17,2026-05-17,127.63,1,1,6
SO-000628,2026-05-11,2026-W20,202620,Akdeniz,Musteri-13,delivered,2026-05-13,2026-05-13,4455.51,1,1,2
SO-000629,2026-05-12,2026-W20,202620,Marmara,Musteri-16,delivered,2026-05-17,2026-05-17,1806.22,1,1,5
SO-000630,2026-05-12,2026-W20,202620,Marmara,Musteri-05,delivered,2026-05-18,2026-05-17,1482.71,1,1,5
SO-000631,2026-05-12,2026-W20,202620,Marmara,Musteri-20,delivered,2026-05-20,2026-05-19,2123.06,1,1,7
SO-000632,2026-05-12,2026-W20,202620,Marmara,Musteri-19,delivered,2026-05-18,2026-05-17,2398.52,1,1,5
SO-000633,2026-05-12,2026-W20,202620,Karadeniz,Musteri-01,delivered,2026-05-17,2026-05-16,195.88,1,1,4
SO-000634,2026-05-13,2026-W20,202620,Marmara,Musteri-15,delivered,2026-05-18,2026-05-17,1630.87,1,1,4
SO-000635,2026-05-13,2026-W20,202620,Marmara,Musteri-05,delivered,2026-05-20,2026-05-19,851.13,1,1,6
SO-000636,2026-05-13,2026-W20,202620,Marmara,Musteri-01,delivered,2026-05-17,2026-05-16,4619.67,1,1,3
SO-000637,2026-05-13,2026-W20,202620,Marmara,Musteri-07,delivered,2026-05-20,2026-05-20,1622.82,1,1,7
SO-000638,2026-05-13,2026-W20,202620,Ege,Musteri-08,delivered,2026-05-18,2026-05-18,3521.07,1,1,5
SO-000639,2026-05-13,2026-W20,202620,Ege,Musteri-13,delivered,2026-05-17,2026-05-16,2020.22,1,1,3
SO-000640,2026-05-13,2026-W20,202620,Ege,Musteri-11,delivered,2026-05-19,2026-05-18,1493.04,1,1,5
SO-000641,2026-05-13,2026-W20,202620,Ic Anadolu,Musteri-07,delivered,2026-05-18,2026-05-20,4046.03,1,0,7
SO-000642,2026-05-13,2026-W20,202620,Ic Anadolu,Musteri-05,delivered,2026-05-20,2026-05-19,1027.87,1,1,6
SO-000643,2026-05-13,2026-W20,202620,Ic Anadolu,Musteri-02,delivered,2026-05-21,2026-05-20,3067.4,1,1,7
SO-000644,2026-05-13,2026-W20,202620,Akdeniz,Musteri-16,delivered,2026-05-17,2026-05-17,1545.44,1,1,4
SO-000645,2026-05-14,2026-W20,202620,Marmara,Musteri-05,delivered,2026-05-20,2026-05-19,4057.03,1,1,5
SO-000646,2026-05-14,2026-W20,202620,Marmara,Musteri-18,delivered,2026-05-18,2026-05-18,3940.51,1,1,4
SO-000647,2026-05-14,2026-W20,202620,Ege,Musteri-02,delivered,2026-05-16,2026-05-15,3411.41,1,1,1
SO-000648,2026-05-14,2026-W20,202620,Ege,Musteri-13,delivered,2026-05-21,2026-05-20,836.17,1,1,6
SO-000649,2026-05-14,2026-W20,202620,Karadeniz,Musteri-04,delivered,2026-05-23,2026-05-22,5529.28,1,1,8
SO-000650,2026-05-14,2026-W20,202620,Karadeniz,Musteri-10,delivered,2026-05-22,2026-05-21,2586.49,1,1,7
SO-000651,2026-05-15,2026-W20,202620,Marmara,Musteri-11,delivered,2026-05-19,2026-05-19,4882.46,1,1,4
SO-000652,2026-05-15,2026-W20,202620,Marmara,Musteri-08,delivered,2026-05-19,2026-05-19,2888.26,1,1,4
SO-000653,2026-05-15,2026-W20,202620,Ege,Musteri-08,delivered,2026-05-19,2026-05-18,1267.2,1,1,3
SO-000654,2026-05-15,2026-W20,202620,Karadeniz,Musteri-05,delivered,2026-05-24,2026-05-24,2317.7,1,1,9
SO-000655,2026-05-15,2026-W20,202620,Akdeniz,Musteri-18,delivered,2026-05-22,2026-05-22,1437.97,1,1,7
SO-000656,2026-05-15,2026-W20,202620,Akdeniz,Musteri-04,delivered,2026-05-22,2026-05-21,3702.31,1,1,6
SO-000657,2026-05-16,2026-W20,202620,Marmara,Musteri-02,delivered,2026-05-21,2026-05-20,2305.11,1,1,4
SO-000658,2026-05-18,2026-W21,202621,Marmara,Musteri-01,delivered,2026-05-21,2026-05-21,2907.56,1,1,3
SO-000659,2026-05-18,2026-W21,202621,Marmara,Musteri-19,delivered,2026-05-26,2026-05-25,1773.26,1,1,7
SO-000660,2026-05-18,2026-W21,202621,Ege,Musteri-10,delivered,2026-05-26,2026-05-25,2663.69,1,1,7
SO-000661,2026-05-18,2026-W21,202621,Ege,Musteri-20,delivered,2026-05-27,2026-05-27,2457.74,1,1,9
SO-000662,2026-05-18,2026-W21,202621,Ege,Musteri-16,delivered,2026-05-27,2026-05-27,3832.85,1,1,9
SO-000663,2026-05-18,2026-W21,202621,Ege,Musteri-19,delivered,2026-05-21,2026-05-23,1123.96,1,0,5
SO-000664,2026-05-18,2026-W21,202621,Karadeniz,Musteri-04,delivered,2026-05-27,2026-05-26,694.79,1,1,8
SO-000665,2026-05-18,2026-W21,202621,Akdeniz,Musteri-19,delivered,2026-05-22,2026-05-21,1832.67,1,1,3
SO-000666,2026-05-19,2026-W21,202621,Marmara,Musteri-13,delivered,2026-05-25,2026-05-29,5539.85,1,0,10
SO-000667,2026-05-19,2026-W21,202621,Marmara,Musteri-03,delivered,2026-05-26,2026-05-26,1673.77,1,1,7
SO-000668,2026-05-19,2026-W21,202621,Marmara,Musteri-09,delivered,2026-05-28,2026-05-27,4018.63,1,1,8
SO-000669,2026-05-19,2026-W21,202621,Marmara,Musteri-15,delivered,2026-05-27,2026-05-26,4250.56,1,1,7
SO-000670,2026-05-19,2026-W21,202621,Ege,Musteri-03,delivered,2026-05-26,2026-05-25,61.87,1,1,6
SO-000671,2026-05-19,2026-W21,202621,Ege,Musteri-15,delivered,2026-05-26,2026-05-26,2824.75,1,1,7
SO-000672,2026-05-19,2026-W21,202621,Ic Anadolu,Musteri-03,delivered,2026-05-23,2026-05-22,2934.8,1,1,3
SO-000673,2026-05-19,2026-W21,202621,Ic Anadolu,Musteri-19,delivered,2026-05-23,2026-05-24,817.41,1,0,5
SO-000674,2026-05-19,2026-W21,202621,Karadeniz,Musteri-15,delivered,2026-05-25,2026-05-24,3644.07,1,1,5
SO-000675,2026-05-19,2026-W21,202621,Akdeniz,Musteri-14,delivered,2026-05-27,2026-05-27,1020.07,1,1,8
SO-000676,2026-05-19,2026-W21,202621,Akdeniz,Musteri-07,delivered,2026-05-25,2026-05-24,3436.93,1,1,5
SO-000677,2026-05-20,2026-W21,202621,Marmara,Musteri-07,delivered,2026-05-27,2026-05-27,6060.53,1,1,7
SO-000678,2026-05-20,2026-W21,202621,Ege,Musteri-11,delivered,2026-05-24,2026-05-24,4531.72,1,1,4
SO-000679,2026-05-20,2026-W21,202621,Ic Anadolu,Musteri-03,delivered,2026-05-23,2026-05-26,1510.89,1,0,6
SO-000680,2026-05-20,2026-W21,202621,Karadeniz,Musteri-04,delivered,2026-05-25,2026-05-24,1612.55,1,1,4
SO-000681,2026-05-20,2026-W21,202621,Akdeniz,Musteri-11,delivered,2026-05-23,2026-05-23,3199.61,1,1,3
SO-000682,2026-05-21,2026-W21,202621,Marmara,Musteri-07,delivered,2026-05-25,2026-05-25,595.6,1,1,4
SO-000683,2026-05-21,2026-W21,202621,Marmara,Musteri-04,delivered,2026-05-30,2026-05-30,2529.7,1,1,9
SO-000684,2026-05-21,2026-W21,202621,Ege,Musteri-18,delivered,2026-05-27,2026-05-26,3313.23,1,1,5
SO-000685,2026-05-21,2026-W21,202621,Ic Anadolu,Musteri-12,delivered,2026-05-23,2026-05-22,2436.52,1,1,1
SO-000686,2026-05-21,2026-W21,202621,Ic Anadolu,Musteri-17,delivered,2026-05-27,2026-05-27,3470.43,1,1,6
SO-000687,2026-05-21,2026-W21,202621,Karadeniz,Musteri-05,delivered,2026-05-30,2026-05-29,1123.96,1,1,8
SO-000688,2026-05-21,2026-W21,202621,Akdeniz,Musteri-20,delivered,2026-05-24,2026-05-26,2388.53,1,0,5
SO-000689,2026-05-21,2026-W21,202621,Akdeniz,Musteri-16,delivered,2026-05-27,2026-05-26,3369.52,1,1,5
SO-000690,2026-05-22,2026-W21,202621,Marmara,Musteri-15,delivered,2026-05-28,2026-05-27,3383.9,1,1,5
SO-000691,2026-05-22,2026-W21,202621,Marmara,Musteri-09,delivered,2026-05-31,2026-05-30,1726.46,1,1,8
SO-000692,2026-05-22,2026-W21,202621,Akdeniz,Musteri-03,delivered,2026-05-25,2026-05-24,5837.66,1,1,2
SO-000693,2026-05-22,2026-W21,202621,Akdeniz,Musteri-17,delivered,2026-05-26,2026-05-27,652.94,1,0,5
SO-000694,2026-05-23,2026-W21,202621,Ege,Musteri-03,delivered,2026-05-27,2026-05-26,2816.74,1,1,3
SO-000695,2026-05-23,2026-W21,202621,Ic Anadolu,Musteri-09,delivered,2026-05-29,2026-05-29,388.97,1,1,6
SO-000696,2026-05-24,2026-W21,202621,Marmara,Musteri-15,delivered,2026-05-31,2026-05-31,585.59,1,1,7
SO-000697,2026-05-25,2026-W22,202622,Marmara,Musteri-08,delivered,2026-05-28,2026-05-28,1762.06,1,1,3
SO-000698,2026-05-25,2026-W22,202622,Ege,Musteri-12,delivered,2026-05-28,2026-05-28,1446.03,1,1,3
SO-000699,2026-05-25,2026-W22,202622,Ege,Musteri-12,delivered,2026-05-29,2026-05-28,4330.35,1,1,3
SO-000700,2026-05-25,2026-W22,202622,Ege,Musteri-12,delivered,2026-05-29,2026-05-29,3806.0,1,1,4
SO-000701,2026-05-25,2026-W22,202622,Ic Anadolu,Musteri-11,delivered,2026-06-02,2026-06-01,3713.14,1,1,7
SO-000702,2026-05-25,2026-W22,202622,Ic Anadolu,Musteri-12,delivered,2026-05-31,2026-05-30,3428.73,1,1,5
SO-000703,2026-05-25,2026-W22,202622,Karadeniz,Musteri-17,delivered,2026-05-28,2026-05-28,2183.79,1,1,3
SO-000704,2026-05-25,2026-W22,202622,Akdeniz,Musteri-15,delivered,2026-05-30,2026-06-02,2450.77,1,0,8
SO-000705,2026-05-25,2026-W22,202622,Akdeniz,Musteri-14,delivered,2026-05-28,2026-05-27,2747.64,1,1,2
SO-000706,2026-05-26,2026-W22,202622,Marmara,Musteri-06,delivered,2026-05-28,2026-05-28,3406.28,1,1,2
SO-000707,2026-05-26,2026-W22,202622,Marmara,Musteri-17,delivered,2026-05-30,2026-05-30,3082.7,1,1,4
SO-000708,2026-05-26,2026-W22,202622,Marmara,Musteri-19,delivered,2026-05-28,2026-05-27,4049.93,1,1,1
SO-000709,2026-05-26,2026-W22,202622,Marmara,Musteri-16,delivered,2026-05-30,2026-05-30,4199.99,1,1,4
SO-000710,2026-05-26,2026-W22,202622,Marmara,Musteri-09,delivered,2026-05-29,2026-05-28,4995.5,1,1,2
SO-000711,2026-05-26,2026-W22,202622,Ege,Musteri-08,delivered,2026-06-01,2026-05-31,1030.3,1,1,5
SO-000712,2026-05-26,2026-W22,202622,Ic Anadolu,Musteri-01,delivered,2026-05-30,2026-05-29,2868.35,1,1,3
SO-000713,2026-05-26,2026-W22,202622,Karadeniz,Musteri-12,delivered,2026-05-30,2026-05-30,80.96,1,1,4
SO-000714,2026-05-26,2026-W22,202622,Karadeniz,Musteri-11,delivered,2026-06-04,2026-06-04,1722.03,1,1,9
SO-000715,2026-05-27,2026-W22,202622,Marmara,Musteri-16,delivered,2026-05-29,2026-05-29,3273.88,1,1,2
SO-000716,2026-05-27,2026-W22,202622,Marmara,Musteri-20,delivered,2026-06-03,2026-06-03,6087.81,1,1,7
SO-000717,2026-05-27,2026-W22,202622,Ic Anadolu,Musteri-15,delivered,2026-06-05,2026-06-04,3813.87,1,1,8
SO-000718,2026-05-28,2026-W22,202622,Marmara,Musteri-18,delivered,2026-06-01,2026-06-01,5089.52,1,1,4
SO-000719,2026-05-28,2026-W22,202622,Ege,Musteri-09,delivered,2026-06-02,2026-06-02,2598.82,1,1,5
SO-000720,2026-05-28,2026-W22,202622,Ege,Musteri-05,delivered,2026-06-02,2026-06-02,3290.53,1,1,5
SO-000721,2026-05-28,2026-W22,202622,Ege,Musteri-02,delivered,2026-06-06,2026-06-05,1991.48,1,1,8
SO-000722,2026-05-28,2026-W22,202622,Karadeniz,Musteri-06,delivered,2026-05-30,2026-05-29,4040.28,1,1,1
SO-000723,2026-05-29,2026-W22,202622,Marmara,Musteri-06,delivered,2026-06-01,2026-05-31,1471.77,1,1,2
SO-000724,2026-05-29,2026-W22,202622,Marmara,Musteri-11,delivered,2026-05-31,2026-05-31,2936.76,1,1,2
SO-000725,2026-05-29,2026-W22,202622,Marmara,Musteri-06,delivered,2026-06-05,2026-06-05,5049.29,1,1,7
SO-000726,2026-05-29,2026-W22,202622,Ege,Musteri-13,delivered,2026-06-03,2026-06-06,65.47,1,0,8
SO-000727,2026-05-29,2026-W22,202622,Ic Anadolu,Musteri-04,delivered,2026-06-04,2026-06-03,2541.78,1,1,5
SO-000728,2026-05-29,2026-W22,202622,Ic Anadolu,Musteri-04,delivered,2026-06-06,2026-06-05,3848.95,1,1,7
SO-000729,2026-05-30,2026-W22,202622,Marmara,Musteri-09,delivered,2026-06-02,2026-06-01,1926.12,1,1,2
SO-000730,2026-05-30,2026-W22,202622,Ic Anadolu,Musteri-11,delivered,2026-06-02,2026-06-01,1082.73,1,1,2
SO-000731,2026-05-30,2026-W22,202622,Ic Anadolu,Musteri-19,delivered,2026-06-02,2026-06-02,1081.57,1,1,3
SO-000732,2026-05-30,2026-W22,202622,Karadeniz,Musteri-10,delivered,2026-06-06,2026-06-05,3219.26,1,1,6
SO-000733,2026-05-31,2026-W22,202622,Marmara,Musteri-14,delivered,2026-06-05,2026-06-09,671.11,1,0,9
SO-000734,2026-05-31,2026-W22,202622,Ic Anadolu,Musteri-08,delivered,2026-06-04,2026-06-04,3119.2,1,1,4
SO-000735,2026-06-01,2026-W23,202623,Marmara,Musteri-05,delivered,2026-06-09,2026-06-09,1726.68,1,1,8
SO-000736,2026-06-01,2026-W23,202623,Marmara,Musteri-02,delivered,2026-06-09,2026-06-08,4820.39,1,1,7
SO-000737,2026-06-01,2026-W23,202623,Ege,Musteri-10,delivered,2026-06-07,2026-06-07,384.29,1,1,6
SO-000738,2026-06-01,2026-W23,202623,Ic Anadolu,Musteri-20,delivered,2026-06-07,2026-06-07,985.5,1,1,6
SO-000739,2026-06-01,2026-W23,202623,Akdeniz,Musteri-05,delivered,2026-06-06,2026-06-06,2776.09,1,1,5
SO-000740,2026-06-01,2026-W23,202623,Akdeniz,Musteri-15,delivered,2026-06-10,2026-06-10,1265.61,1,1,9
SO-000741,2026-06-01,2026-W23,202623,Akdeniz,Musteri-12,delivered,2026-06-03,2026-06-02,2582.94,1,1,1
SO-000742,2026-06-02,2026-W23,202623,Marmara,Musteri-18,delivered,2026-06-07,2026-06-07,1309.44,1,1,5
SO-000743,2026-06-02,2026-W23,202623,Marmara,Musteri-19,delivered,2026-06-07,2026-06-07,1863.24,1,1,5
SO-000744,2026-06-02,2026-W23,202623,Marmara,Musteri-06,delivered,2026-06-07,2026-06-06,2950.08,1,1,4
SO-000745,2026-06-02,2026-W23,202623,Ege,Musteri-12,delivered,2026-06-08,2026-06-08,2832.57,1,1,6
SO-000746,2026-06-02,2026-W23,202623,Karadeniz,Musteri-16,delivered,2026-06-07,2026-06-07,767.01,1,1,5
SO-000747,2026-06-03,2026-W23,202623,Marmara,Musteri-14,delivered,2026-06-11,2026-06-11,3624.55,1,1,8
SO-000748,2026-06-03,2026-W23,202623,Ege,Musteri-01,delivered,2026-06-06,2026-06-05,2315.72,1,1,2
SO-000749,2026-06-03,2026-W23,202623,Ege,Musteri-09,delivered,2026-06-07,2026-06-06,1966.57,1,1,3
SO-000750,2026-06-03,2026-W23,202623,Ic Anadolu,Musteri-15,delivered,2026-06-09,2026-06-08,1743.62,1,1,5
SO-000751,2026-06-03,2026-W23,202623,Akdeniz,Musteri-13,delivered,2026-06-07,2026-06-07,1751.9,1,1,4
SO-000752,2026-06-04,2026-W23,202623,Marmara,Musteri-19,delivered,2026-06-09,2026-06-08,5304.48,1,1,4
SO-000753,2026-06-04,2026-W23,202623,Marmara,Musteri-18,delivered,2026-06-12,2026-06-12,6536.39,1,1,8
SO-000754,2026-06-04,2026-W23,202623,Marmara,Musteri-16,delivered,2026-06-12,2026-06-12,1402.59,1,1,8
SO-000755,2026-06-04,2026-W23,202623,Ic Anadolu,Musteri-17,delivered,2026-06-13,2026-06-12,2078.53,1,1,8
SO-000756,2026-06-04,2026-W23,202623,Akdeniz,Musteri-19,delivered,2026-06-06,2026-06-06,4115.36,1,1,2
SO-000757,2026-06-05,2026-W23,202623,Marmara,Musteri-03,delivered,2026-06-14,2026-06-14,1167.14,1,1,9
SO-000758,2026-06-05,2026-W23,202623,Ege,Musteri-17,delivered,2026-06-12,2026-06-16,5122.36,1,0,11
SO-000759,2026-06-05,2026-W23,202623,Karadeniz,Musteri-09,delivered,2026-06-12,2026-06-11,3685.54,1,1,6
SO-000760,2026-06-06,2026-W23,202623,Marmara,Musteri-11,delivered,2026-06-12,2026-06-12,1728.48,1,1,6
SO-000761,2026-06-07,2026-W23,202623,Ic Anadolu,Musteri-08,delivered,2026-06-16,2026-06-19,3978.11,1,0,12
SO-000762,2026-06-08,2026-W24,202624,Marmara,Musteri-13,delivered,2026-06-16,2026-06-16,3108.64,1,1,8
SO-000763,2026-06-08,2026-W24,202624,Marmara,Musteri-19,delivered,2026-06-16,2026-06-15,3877.78,1,1,7
SO-000764,2026-06-08,2026-W24,202624,Ic Anadolu,Musteri-09,delivered,2026-06-14,2026-06-14,7244.89,1,1,6
SO-000765,2026-06-08,2026-W24,202624,Akdeniz,Musteri-17,delivered,2026-06-16,2026-06-15,4862.32,1,1,7
SO-000766,2026-06-08,2026-W24,202624,Akdeniz,Musteri-08,delivered,2026-06-16,2026-06-15,4116.31,1,1,7
SO-000767,2026-06-09,2026-W24,202624,Marmara,Musteri-09,delivered,2026-06-17,2026-06-16,4110.91,1,1,7
SO-000768,2026-06-09,2026-W24,202624,Ege,Musteri-13,delivered,2026-06-12,2026-06-12,1791.79,1,1,3
SO-000769,2026-06-09,2026-W24,202624,Akdeniz,Musteri-04,delivered,2026-06-13,2026-06-13,1418.86,1,1,4
SO-000770,2026-06-09,2026-W24,202624,Akdeniz,Musteri-09,delivered,2026-06-15,2026-06-15,1762.24,1,1,6
SO-000771,2026-06-10,2026-W24,202624,Marmara,Musteri-04,delivered,2026-06-14,2026-06-13,2577.41,1,1,3
SO-000772,2026-06-10,2026-W24,202624,Marmara,Musteri-12,delivered,2026-06-14,2026-06-14,2567.41,1,1,4
SO-000773,2026-06-10,2026-W24,202624,Marmara,Musteri-10,delivered,2026-06-18,2026-06-18,2948.87,1,1,8
SO-000774,2026-06-10,2026-W24,202624,Ege,Musteri-07,delivered,2026-06-16,2026-06-16,5758.75,1,1,6
SO-000775,2026-06-10,2026-W24,202624,Ic Anadolu,Musteri-08,delivered,2026-06-17,2026-06-17,651.9,1,1,7
SO-000776,2026-06-10,2026-W24,202624,Ic Anadolu,Musteri-12,delivered,2026-06-13,2026-06-12,973.74,1,1,2
SO-000777,2026-06-10,2026-W24,202624,Ic Anadolu,Musteri-17,delivered,2026-06-14,2026-06-14,2936.45,1,1,4
SO-000778,2026-06-10,2026-W24,202624,Akdeniz,Musteri-09,delivered,2026-06-12,2026-06-12,5566.08,1,1,2
SO-000779,2026-06-11,2026-W24,202624,Marmara,Musteri-04,delivered,2026-06-17,2026-06-17,4305.66,1,1,6
SO-000780,2026-06-11,2026-W24,202624,Marmara,Musteri-19,delivered,2026-06-15,2026-06-15,4167.94,1,1,4
SO-000781,2026-06-11,2026-W24,202624,Marmara,Musteri-13,delivered,2026-06-16,2026-06-16,4959.22,1,1,5
SO-000782,2026-06-11,2026-W24,202624,Ege,Musteri-04,delivered,2026-06-13,2026-06-12,4194.3,1,1,1
SO-000783,2026-06-11,2026-W24,202624,Akdeniz,Musteri-07,delivered,2026-06-13,2026-06-12,4127.2,1,1,1
SO-000784,2026-06-12,2026-W24,202624,Marmara,Musteri-07,delivered,2026-06-14,2026-06-14,1866.75,1,1,2
SO-000785,2026-06-12,2026-W24,202624,Ege,Musteri-11,delivered,2026-06-16,2026-06-15,425.43,1,1,3
SO-000786,2026-06-12,2026-W24,202624,Ege,Musteri-13,delivered,2026-06-15,2026-06-15,2053.16,1,1,3
SO-000787,2026-06-12,2026-W24,202624,Ic Anadolu,Musteri-10,delivered,2026-06-17,2026-06-17,5312.98,1,1,5
SO-000788,2026-06-12,2026-W24,202624,Karadeniz,Musteri-07,delivered,2026-06-21,2026-06-21,5873.73,1,1,9
SO-000789,2026-06-13,2026-W24,202624,Marmara,Musteri-15,delivered,2026-06-19,2026-06-19,2212.62,1,1,6
SO-000790,2026-06-13,2026-W24,202624,Marmara,Musteri-14,delivered,2026-06-17,2026-06-16,2789.37,1,1,3
SO-000791,2026-06-13,2026-W24,202624,Ege,Musteri-09,delivered,2026-06-16,2026-06-16,3610.69,1,1,3
SO-000792,2026-06-13,2026-W24,202624,Ege,Musteri-05,delivered,2026-06-21,2026-06-20,2706.09,1,1,7
SO-000793,2026-06-13,2026-W24,202624,Ic Anadolu,Musteri-13,delivered,2026-06-21,2026-06-21,3122.11,1,1,8
SO-000794,2026-06-13,2026-W24,202624,Akdeniz,Musteri-09,delivered,2026-06-19,2026-06-18,1073.52,1,1,5
SO-000795,2026-06-13,2026-W24,202624,Akdeniz,Musteri-01,delivered,2026-06-15,2026-06-14,2422.66,1,1,1
SO-000796,2026-06-15,2026-W25,202625,Marmara,Musteri-15,delivered,2026-06-17,2026-06-17,512.39,1,1,2
SO-000797,2026-06-15,2026-W25,202625,Ic Anadolu,Musteri-11,delivered,2026-06-18,2026-06-18,1868.79,1,1,3
SO-000798,2026-06-15,2026-W25,202625,Ic Anadolu,Musteri-11,delivered,2026-06-21,2026-06-24,1828.1,1,0,9
SO-000799,2026-06-15,2026-W25,202625,Akdeniz,Musteri-03,delivered,2026-06-20,2026-06-24,1210.76,1,0,9
SO-000800,2026-06-16,2026-W25,202625,Marmara,Musteri-19,delivered,2026-06-22,2026-06-22,2498.84,1,1,6
SO-000801,2026-06-16,2026-W25,202625,Ic Anadolu,Musteri-12,delivered,2026-06-23,2026-06-23,4256.82,1,1,7
SO-000802,2026-06-16,2026-W25,202625,Karadeniz,Musteri-11,delivered,2026-06-22,2026-06-25,2729.34,1,0,9
SO-000803,2026-06-17,2026-W25,202625,Marmara,Musteri-20,delivered,2026-06-23,2026-06-23,723.25,1,1,6
SO-000804,2026-06-17,2026-W25,202625,Ege,Musteri-03,delivered,2026-06-25,2026-06-25,4687.41,1,1,8
SO-000805,2026-06-17,2026-W25,202625,Ege,Musteri-18,delivered,2026-06-19,2026-06-18,309.37,1,1,1
SO-000806,2026-06-17,2026-W25,202625,Ic Anadolu,Musteri-10,delivered,2026-06-24,2026-06-23,1978.18,1,1,6
SO-000807,2026-06-17,2026-W25,202625,Ic Anadolu,Musteri-06,delivered,2026-06-24,2026-06-23,445.29,1,1,6
SO-000808,2026-06-17,2026-W25,202625,Akdeniz,Musteri-15,delivered,2026-06-21,2026-06-21,2178.02,1,1,4
SO-000809,2026-06-17,2026-W25,202625,Akdeniz,Musteri-20,delivered,2026-06-19,2026-06-18,3937.83,1,1,1
SO-000810,2026-06-18,2026-W25,202625,Marmara,Musteri-10,delivered,2026-06-24,2026-06-24,2191.03,1,1,6
SO-000811,2026-06-18,2026-W25,202625,Marmara,Musteri-16,delivered,2026-06-27,2026-06-27,2486.44,1,1,9
SO-000812,2026-06-18,2026-W25,202625,Marmara,Musteri-19,delivered,2026-06-25,2026-06-25,902.09,1,1,7
SO-000813,2026-06-18,2026-W25,202625,Marmara,Musteri-05,delivered,2026-06-25,2026-06-25,2048.55,1,1,7
SO-000814,2026-06-18,2026-W25,202625,Ege,Musteri-14,delivered,2026-06-25,2026-06-24,2537.39,1,1,6
SO-000815,2026-06-18,2026-W25,202625,Ege,Musteri-05,delivered,2026-06-22,2026-06-23,1744.4,1,0,5
SO-000816,2026-06-18,2026-W25,202625,Ic Anadolu,Musteri-02,delivered,2026-06-25,2026-06-24,2265.82,1,1,6
SO-000817,2026-06-18,2026-W25,202625,Ic Anadolu,Musteri-20,delivered,2026-06-26,2026-06-25,468.32,1,1,7
SO-000818,2026-06-18,2026-W25,202625,Akdeniz,Musteri-13,delivered,2026-06-26,2026-06-25,4609.82,1,1,7
SO-000819,2026-06-19,2026-W25,202625,Marmara,Musteri-09,delivered,2026-06-28,2026-06-28,5744.26,1,1,9
SO-000820,2026-06-19,2026-W25,202625,Marmara,Musteri-15,delivered,2026-06-25,2026-06-25,2795.04,1,1,6
SO-000821,2026-06-19,2026-W25,202625,Marmara,Musteri-09,delivered,2026-06-21,2026-06-20,2553.92,1,1,1
SO-000822,2026-06-19,2026-W25,202625,Ege,Musteri-19,delivered,2026-06-24,2026-06-23,2970.3,1,1,4
SO-000823,2026-06-19,2026-W25,202625,Ic Anadolu,Musteri-12,delivered,2026-06-23,2026-06-22,3498.82,1,1,3
SO-000824,2026-06-19,2026-W25,202625,Karadeniz,Musteri-19,delivered,2026-06-21,2026-06-21,4252.37,1,1,2
SO-000825,2026-06-19,2026-W25,202625,Akdeniz,Musteri-18,delivered,2026-06-28,2026-06-27,3121.76,1,1,8
SO-000826,2026-06-20,2026-W25,202625,Marmara,Musteri-04,delivered,2026-06-24,2026-06-24,4119.28,1,1,4
SO-000827,2026-06-20,2026-W25,202625,Ic Anadolu,Musteri-17,delivered,2026-06-26,2026-06-26,1043.05,1,1,6
SO-000828,2026-06-20,2026-W25,202625,Ic Anadolu,Musteri-11,delivered,2026-06-22,2026-06-22,1795.75,1,1,2
SO-000829,2026-06-20,2026-W25,202625,Ic Anadolu,Musteri-20,delivered,2026-06-28,2026-06-28,841.21,1,1,8
SO-000830,2026-06-20,2026-W25,202625,Ic Anadolu,Musteri-06,delivered,2026-06-27,2026-06-26,4847.8,1,1,6
SO-000831,2026-06-20,2026-W25,202625,Ic Anadolu,Musteri-15,delivered,2026-06-23,2026-06-22,2150.15,1,1,2
SO-000832,2026-06-20,2026-W25,202625,Karadeniz,Musteri-07,delivered,2026-06-23,2026-06-22,1940.36,1,1,2
SO-000833,2026-06-20,2026-W25,202625,Karadeniz,Musteri-01,delivered,2026-06-27,2026-06-26,1471.77,1,1,6
SO-000834,2026-06-20,2026-W25,202625,Akdeniz,Musteri-01,delivered,2026-06-23,2026-06-22,1812.61,1,1,2
SO-000835,2026-06-21,2026-W25,202625,Marmara,Musteri-14,delivered,2026-06-26,2026-06-26,5224.04,1,1,5
SO-000836,2026-06-22,2026-W26,202626,Marmara,Musteri-09,delivered,2026-06-27,2026-06-27,1656.4,1,1,5
SO-000837,2026-06-22,2026-W26,202626,Ege,Musteri-11,delivered,2026-06-26,2026-06-26,2794.0,1,1,4
SO-000838,2026-06-22,2026-W26,202626,Ege,Musteri-02,delivered,2026-07-01,2026-07-01,5391.48,1,1,9
SO-000839,2026-06-22,2026-W26,202626,Karadeniz,Musteri-16,delivered,2026-06-27,2026-06-27,5408.94,1,1,5
SO-000840,2026-06-23,2026-W26,202626,Marmara,Musteri-07,delivered,2026-07-01,2026-07-01,4140.26,1,1,8
SO-000841,2026-06-23,2026-W26,202626,Ege,Musteri-17,delivered,2026-06-26,2026-06-25,1678.35,1,1,2
SO-000842,2026-06-23,2026-W26,202626,Ege,Musteri-13,delivered,2026-06-25,2026-06-25,1992.52,1,1,2
SO-000843,2026-06-23,2026-W26,202626,Ege,Musteri-18,delivered,2026-06-29,2026-06-29,4081.86,1,1,6
SO-000844,2026-06-23,2026-W26,202626,Ic Anadolu,Musteri-07,delivered,2026-07-01,2026-06-30,7556.39,1,1,7
SO-000845,2026-06-23,2026-W26,202626,Akdeniz,Musteri-11,delivered,2026-06-26,2026-06-25,1847.63,1,1,2
SO-000846,2026-06-24,2026-W26,202626,Ege,Musteri-09,delivered,2026-07-02,2026-07-02,504.72,1,1,8
SO-000847,2026-06-24,2026-W26,202626,Ic Anadolu,Musteri-16,delivered,2026-07-01,2026-07-01,2736.02,1,1,7
SO-000848,2026-06-24,2026-W26,202626,Ic Anadolu,Musteri-20,delivered,2026-07-02,2026-07-02,1698.5,1,1,8
SO-000849,2026-06-25,2026-W26,202626,Marmara,Musteri-10,delivered,2026-07-04,2026-07-04,3199.78,1,1,9
SO-000850,2026-06-25,2026-W26,202626,Marmara,Musteri-18,delivered,2026-06-30,2026-06-29,5971.45,1,1,4
SO-000851,2026-06-26,2026-W26,202626,Marmara,Musteri-17,delivered,2026-06-30,2026-06-30,5941.81,1,1,4
SO-000852,2026-06-26,2026-W26,202626,Marmara,Musteri-10,delivered,2026-07-01,2026-07-04,982.31,1,0,8
SO-000853,2026-06-26,2026-W26,202626,Ic Anadolu,Musteri-19,delivered,2026-07-04,2026-07-03,3429.17,1,1,7
SO-000854,2026-06-26,2026-W26,202626,Karadeniz,Musteri-12,delivered,2026-06-28,2026-06-27,4705.07,1,1,1
SO-000855,2026-06-27,2026-W26,202626,Marmara,Musteri-09,delivered,2026-07-03,2026-07-02,1296.25,1,1,5
SO-000856,2026-06-27,2026-W26,202626,Marmara,Musteri-10,delivered,2026-07-06,2026-07-07,1600.08,1,0,10
SO-000857,2026-06-27,2026-W26,202626,Ic Anadolu,Musteri-07,delivered,2026-06-30,2026-06-29,2098.77,1,1,2
SO-000858,2026-06-27,2026-W26,202626,Ic Anadolu,Musteri-18,delivered,2026-07-01,2026-07-01,3158.16,1,1,4
SO-000859,2026-06-28,2026-W26,202626,Marmara,Musteri-20,delivered,2026-07-04,2026-07-04,806.33,1,1,6
SO-000860,2026-06-29,2026-W27,202627,Marmara,Musteri-14,delivered,2026-07-01,2026-07-01,4893.56,1,1,2
SO-000861,2026-06-29,2026-W27,202627,Marmara,Musteri-13,delivered,2026-07-08,2026-07-08,1904.54,1,1,9
SO-000862,2026-06-29,2026-W27,202627,Marmara,Musteri-04,delivered,2026-07-02,2026-07-01,3291.58,1,1,2
SO-000863,2026-06-29,2026-W27,202627,Marmara,Musteri-06,delivered,2026-07-04,2026-07-04,3759.4,1,1,5
SO-000864,2026-06-29,2026-W27,202627,Marmara,Musteri-16,delivered,2026-07-05,2026-07-05,2484.72,1,1,6
SO-000865,2026-06-29,2026-W27,202627,Ic Anadolu,Musteri-16,delivered,2026-07-04,2026-07-04,2459.96,1,1,5
SO-000866,2026-06-29,2026-W27,202627,Ic Anadolu,Musteri-19,delivered,2026-07-07,2026-07-07,526.25,1,1,8
SO-000867,2026-06-29,2026-W27,202627,Akdeniz,Musteri-01,delivered,2026-07-01,2026-07-01,4632.15,1,1,2
SO-000868,2026-06-29,2026-W27,202627,Akdeniz,Musteri-02,delivered,2026-07-04,2026-07-07,467.97,1,0,8
SO-000869,2026-06-29,2026-W27,202627,Akdeniz,Musteri-19,delivered,2026-07-02,2026-07-02,5024.35,1,1,3
SO-000870,2026-06-30,2026-W27,202627,Marmara,Musteri-04,delivered,2026-07-04,2026-07-06,5420.19,1,0,6
SO-000871,2026-06-30,2026-W27,202627,Ege,Musteri-02,delivered,2026-07-06,2026-07-05,4179.98,1,1,5
SO-000872,2026-06-30,2026-W27,202627,Ege,Musteri-15,delivered,2026-07-05,2026-07-05,1474.14,1,1,5
SO-000873,2026-06-30,2026-W27,202627,Ic Anadolu,Musteri-08,delivered,2026-07-07,2026-07-06,3720.55,1,1,6
SO-000874,2026-06-30,2026-W27,202627,Ic Anadolu,Musteri-17,delivered,2026-07-02,2026-07-01,1288.71,1,1,1
SO-000875,2026-06-30,2026-W27,202627,Karadeniz,Musteri-13,delivered,2026-07-08,2026-07-07,2791.76,1,1,7
SO-000876,2026-06-30,2026-W27,202627,Akdeniz,Musteri-03,delivered,2026-07-05,2026-07-05,3935.29,1,1,5
SO-000877,2026-07-01,2026-W27,202627,Marmara,Musteri-15,delivered,2026-07-05,2026-07-05,1054.61,1,1,4
SO-000878,2026-07-01,2026-W27,202627,Marmara,Musteri-03,delivered,2026-07-06,2026-07-06,3759.78,1,1,5
SO-000879,2026-07-01,2026-W27,202627,Marmara,Musteri-07,delivered,2026-07-07,2026-07-06,1318.14,1,1,5
SO-000880,2026-07-01,2026-W27,202627,Ic Anadolu,Musteri-18,delivered,2026-07-09,2026-07-10,3100.21,1,0,9
SO-000881,2026-07-01,2026-W27,202627,Karadeniz,Musteri-10,delivered,2026-07-05,2026-07-05,1487.51,1,1,4
SO-000882,2026-07-01,2026-W27,202627,Akdeniz,Musteri-20,delivered,2026-07-10,2026-07-10,3346.04,1,1,9
SO-000883,2026-07-02,2026-W27,202627,Marmara,Musteri-10,delivered,2026-07-08,2026-07-07,2630.88,1,1,5
SO-000884,2026-07-02,2026-W27,202627,Ege,Musteri-15,delivered,2026-07-04,2026-07-04,1470.09,1,1,2
SO-000885,2026-07-02,2026-W27,202627,Ege,Musteri-10,delivered,2026-07-05,2026-07-04,1194.53,1,1,2
SO-000886,2026-07-02,2026-W27,202627,Ege,Musteri-11,delivered,2026-07-08,2026-07-07,1265.61,1,1,5
SO-000887,2026-07-02,2026-W27,202627,Ege,Musteri-07,delivered,2026-07-05,2026-07-09,2388.57,1,0,7
SO-000888,2026-07-02,2026-W27,202627,Karadeniz,Musteri-16,delivered,2026-07-10,2026-07-09,6333.89,1,1,7
SO-000889,2026-07-02,2026-W27,202627,Karadeniz,Musteri-20,delivered,2026-07-10,2026-07-10,761.15,1,1,8
SO-000890,2026-07-02,2026-W27,202627,Karadeniz,Musteri-03,delivered,2026-07-11,2026-07-10,1804.19,1,1,8
SO-000891,2026-07-03,2026-W27,202627,Marmara,Musteri-15,delivered,2026-07-05,2026-07-04,5062.31,1,1,1
SO-000892,2026-07-03,2026-W27,202627,Ege,Musteri-03,delivered,2026-07-06,2026-07-10,577.88,1,0,7
SO-000893,2026-07-03,2026-W27,202627,Ege,Musteri-04,delivered,2026-07-11,2026-07-11,3214.17,1,1,8
SO-000894,2026-07-04,2026-W27,202627,Marmara,Musteri-03,delivered,2026-07-11,2026-07-10,5574.55,1,1,6
SO-000895,2026-07-04,2026-W27,202627,Marmara,Musteri-20,delivered,2026-07-07,2026-07-07,983.25,1,1,3
SO-000896,2026-07-04,2026-W27,202627,Marmara,Musteri-15,delivered,2026-07-06,2026-07-06,2281.27,1,1,2
SO-000897,2026-07-04,2026-W27,202627,Ege,Musteri-01,delivered,2026-07-13,2026-07-13,4535.47,1,1,9
SO-000898,2026-07-04,2026-W27,202627,Ic Anadolu,Musteri-13,delivered,2026-07-12,2026-07-11,4909.08,1,1,7
SO-000899,2026-07-05,2026-W27,202627,Ic Anadolu,Musteri-11,delivered,2026-07-14,2026-07-14,2363.0,1,1,9
SO-000900,2026-07-05,2026-W27,202627,Karadeniz,Musteri-09,delivered,2026-07-14,2026-07-14,1948.69,1,1,9
SO-000901,2026-07-05,2026-W27,202627,Akdeniz,Musteri-14,delivered,2026-07-13,2026-07-13,1463.55,1,1,8
SO-000902,2026-07-06,2026-W28,202628,Marmara,Musteri-04,delivered,2026-07-08,2026-07-07,3323.42,1,1,1
SO-000903,2026-07-06,2026-W28,202628,Ege,Musteri-01,delivered,2026-07-14,2026-07-14,5267.46,1,1,8
SO-000904,2026-07-06,2026-W28,202628,Ege,Musteri-04,delivered,2026-07-14,2026-07-13,5463.48,1,1,7
SO-000905,2026-07-06,2026-W28,202628,Ege,Musteri-07,delivered,2026-07-15,2026-07-15,675.3,1,1,9
SO-000906,2026-07-06,2026-W28,202628,Ege,Musteri-15,delivered,2026-07-10,2026-07-10,1638.3,1,1,4
SO-000907,2026-07-06,2026-W28,202628,Karadeniz,Musteri-11,delivered,2026-07-10,2026-07-09,2387.07,1,1,3
SO-000908,2026-07-06,2026-W28,202628,Karadeniz,Musteri-18,delivered,2026-07-08,2026-07-10,1571.6,1,0,4
SO-000909,2026-07-07,2026-W28,202628,Marmara,Musteri-15,delivered,2026-07-16,2026-07-15,4689.98,1,1,8
SO-000910,2026-07-07,2026-W28,202628,Marmara,Musteri-05,delivered,2026-07-11,2026-07-10,1853.88,1,1,3
SO-000911,2026-07-07,2026-W28,202628,Marmara,Musteri-03,delivered,2026-07-14,2026-07-14,1768.64,1,1,7
SO-000912,2026-07-07,2026-W28,202628,Ege,Musteri-04,delivered,2026-07-11,2026-07-11,2137.7,1,1,4
SO-000913,2026-07-07,2026-W28,202628,Ege,Musteri-16,delivered,2026-07-09,2026-07-09,2492.58,1,1,2
SO-000914,2026-07-07,2026-W28,202628,Ic Anadolu,Musteri-02,open,2026-07-16,,2547.13,0,,
SO-000915,2026-07-07,2026-W28,202628,Ic Anadolu,Musteri-08,delivered,2026-07-16,2026-07-16,3112.57,1,1,9
SO-000916,2026-07-07,2026-W28,202628,Ic Anadolu,Musteri-03,delivered,2026-07-11,2026-07-11,5104.36,1,1,4
SO-000917,2026-07-07,2026-W28,202628,Akdeniz,Musteri-05,delivered,2026-07-14,2026-07-13,3720.51,1,1,6
SO-000918,2026-07-08,2026-W28,202628,Marmara,Musteri-09,delivered,2026-07-10,2026-07-10,2677.97,1,1,2
SO-000919,2026-07-08,2026-W28,202628,Marmara,Musteri-12,delivered,2026-07-11,2026-07-11,5657.93,1,1,3
SO-000920,2026-07-08,2026-W28,202628,Ege,Musteri-09,delivered,2026-07-14,2026-07-14,3298.75,1,1,6
SO-000921,2026-07-08,2026-W28,202628,Ege,Musteri-14,delivered,2026-07-12,2026-07-12,821.94,1,1,4
SO-000922,2026-07-08,2026-W28,202628,Ege,Musteri-10,delivered,2026-07-16,2026-07-16,5538.21,1,1,8
SO-000923,2026-07-08,2026-W28,202628,Ege,Musteri-07,delivered,2026-07-15,2026-07-14,491.19,1,1,6
SO-000924,2026-07-08,2026-W28,202628,Ic Anadolu,Musteri-12,delivered,2026-07-12,2026-07-12,3361.24,1,1,4
SO-000925,2026-07-08,2026-W28,202628,Karadeniz,Musteri-03,delivered,2026-07-13,2026-07-13,4121.19,1,1,5
SO-000926,2026-07-08,2026-W28,202628,Karadeniz,Musteri-07,delivered,2026-07-15,2026-07-15,2384.1,1,1,7
SO-000927,2026-07-09,2026-W28,202628,Marmara,Musteri-15,open,2026-07-18,,7282.51,0,,
SO-000928,2026-07-09,2026-W28,202628,Ege,Musteri-02,delivered,2026-07-17,2026-07-16,1485.03,1,1,7
SO-000929,2026-07-09,2026-W28,202628,Ic Anadolu,Musteri-17,delivered,2026-07-12,2026-07-12,2347.22,1,1,3
SO-000930,2026-07-09,2026-W28,202628,Ic Anadolu,Musteri-17,open,2026-07-16,,768.58,0,,
SO-000931,2026-07-09,2026-W28,202628,Karadeniz,Musteri-15,delivered,2026-07-15,2026-07-15,2074.01,1,1,6
SO-000932,2026-07-09,2026-W28,202628,Akdeniz,Musteri-15,delivered,2026-07-16,2026-07-15,3280.82,1,1,6
SO-000933,2026-07-10,2026-W28,202628,Marmara,Musteri-06,open,2026-07-18,,2325.37,0,,
SO-000934,2026-07-10,2026-W28,202628,Marmara,Musteri-05,delivered,2026-07-14,2026-07-14,1266.11,1,1,4
SO-000935,2026-07-10,2026-W28,202628,Marmara,Musteri-06,delivered,2026-07-14,2026-07-14,2820.81,1,1,4
SO-000936,2026-07-10,2026-W28,202628,Ege,Musteri-02,open,2026-07-17,,3377.28,0,,
SO-000937,2026-07-10,2026-W28,202628,Ege,Musteri-18,open,2026-07-18,,2448.67,0,,
SO-000938,2026-07-10,2026-W28,202628,Ic Anadolu,Musteri-01,delivered,2026-07-15,2026-07-16,1610.22,1,0,6
SO-000939,2026-07-11,2026-W28,202628,Marmara,Musteri-09,open,2026-07-19,,703.11,0,,
SO-000940,2026-07-11,2026-W28,202628,Marmara,Musteri-19,delivered,2026-07-16,2026-07-16,1311.29,1,1,5
SO-000941,2026-07-11,2026-W28,202628,Ege,Musteri-12,open,2026-07-18,,5413.21,0,,
SO-000942,2026-07-11,2026-W28,202628,Ege,Musteri-05,delivered,2026-07-14,2026-07-16,4835.93,1,0,5
SO-000943,2026-07-11,2026-W28,202628,Ege,Musteri-07,delivered,2026-07-14,2026-07-14,832.63,1,1,3
SO-000944,2026-07-11,2026-W28,202628,Ege,Musteri-08,open,2026-07-17,,5587.74,0,,
SO-000945,2026-07-12,2026-W28,202628,Marmara,Musteri-12,open,2026-07-21,,723.25,0,,
SO-000946,2026-07-12,2026-W28,202628,Ic Anadolu,Musteri-13,open,2026-07-18,,445.29,0,,
SO-000947,2026-07-12,2026-W28,202628,Akdeniz,Musteri-02,open,2026-07-20,,1265.61,0,,
SO-000948,2026-07-13,2026-W29,202629,Marmara,Musteri-08,open,2026-07-20,,3693.69,0,,
SO-000949,2026-07-13,2026-W29,202629,Marmara,Musteri-09,open,2026-07-20,,1690.32,0,,
SO-000950,2026-07-13,2026-W29,202629,Marmara,Musteri-09,open,2026-07-17,,2618.39,0,,
SO-000951,2026-07-13,2026-W29,202629,Marmara,Musteri-18,delivered,2026-07-16,2026-07-16,5400.84,1,1,3
SO-000952,2026-07-13,2026-W29,202629,Marmara,Musteri-04,open,2026-07-20,,3197.37,0,,
SO-000953,2026-07-13,2026-W29,202629,Ege,Musteri-13,open,2026-07-19,,3256.41,0,,
SO-000954,2026-07-13,2026-W29,202629,Ic Anadolu,Musteri-06,open,2026-07-20,,3780.71,0,,
SO-000955,2026-07-13,2026-W29,202629,Karadeniz,Musteri-08,open,2026-07-21,,4592.26,0,,
SO-000956,2026-07-14,2026-W29,202629,Marmara,Musteri-03,open,2026-07-23,,4501.73,0,,
SO-000957,2026-07-14,2026-W29,202629,Marmara,Musteri-13,delivered,2026-07-16,2026-07-15,3865.87,1,1,1
SO-000958,2026-07-14,2026-W29,202629,Marmara,Musteri-19,open,2026-07-19,,1147.58,0,,
SO-000959,2026-07-14,2026-W29,202629,Marmara,Musteri-14,open,2026-07-21,,4782.64,0,,
SO-000960,2026-07-14,2026-W29,202629,Ege,Musteri-12,open,2026-07-19,,1698.5,0,,
SO-000961,2026-07-14,2026-W29,202629,Ic Anadolu,Musteri-20,open,2026-07-19,,3421.44,0,,
SO-000962,2026-07-14,2026-W29,202629,Akdeniz,Musteri-15,open,2026-07-17,,2207.65,0,,
SO-000963,2026-07-15,2026-W29,202629,Marmara,Musteri-04,open,2026-07-20,,2586.79,0,,
SO-000964,2026-07-15,2026-W29,202629,Marmara,Musteri-02,open,2026-07-20,,4185.35,0,,
SO-000965,2026-07-15,2026-W29,202629,Marmara,Musteri-19,open,2026-07-23,,8303.99,0,,
SO-000966,2026-07-15,2026-W29,202629,Marmara,Musteri-01,open,2026-07-21,,4968.13,0,,
SO-000967,2026-07-15,2026-W29,202629,Ege,Musteri-16,open,2026-07-22,,1408.41,0,,
SO-000968,2026-07-15,2026-W29,202629,Ege,Musteri-02,open,2026-07-21,,2402.95,0,,
SO-000969,2026-07-15,2026-W29,202629,Ic Anadolu,Musteri-15,delivered,2026-07-17,2026-07-16,1490.83,1,1,1
SO-000970,2026-07-15,2026-W29,202629,Ic Anadolu,Musteri-01,open,2026-07-18,,3539.72,0,,
SO-000971,2026-07-15,2026-W29,202629,Karadeniz,Musteri-07,open,2026-07-23,,2071.27,0,,
SO-000972,2026-07-15,2026-W29,202629,Karadeniz,Musteri-17,open,2026-07-21,,6023.99,0,,
SO-000973,2026-07-15,2026-W29,202629,Akdeniz,Musteri-17,open,2026-07-23,,3484.46,0,,
SO-000974,2026-07-15,2026-W29,202629,Akdeniz,Musteri-18,open,2026-07-20,,5513.45,0,,
SO-000975,2026-07-16,2026-W29,202629,Marmara,Musteri-10,open,2026-07-24,,577.88,0,,
SO-000976,2026-07-16,2026-W29,202629,Marmara,Musteri-04,open,2026-07-20,,3093.71,0,,
SO-000977,2026-07-16,2026-W29,202629,Ege,Musteri-11,open,2026-07-20,,4694.61,0,,
SO-000978,2026-07-16,2026-W29,202629,Ege,Musteri-02,open,2026-07-23,,2345.47,0,,
SO-000979,2026-07-16,2026-W29,202629,Karadeniz,Musteri-09,open,2026-07-25,,1218.07,0,,
SO-000980,2026-07-16,2026-W29,202629,Akdeniz,Musteri-06,open,2026-07-23,,2969.25,0,,
SO-000981,2026-07-16,2026-W29,202629,Akdeniz,Musteri-13,open,2026-07-21,,4078.56,0,,
SO-NEG-01,2026-07-16,2026-W29,202629,Ege,Musteri-02,open,2026-07-16,,-1250.0,0,,
SO-TIME-01,2026-07-16,2026-W29,202629,Ege,Musteri-03,delivered,2026-07-16,2026-07-13,900.0,1,1,-3
